timestamp,r_humidity,man_valve_cmd,rchw_temp,sa_temp,ra_temp,rtemp_sp,vlv_cmd
09/03/2022 9:10,59.29748917,100,25.27264404,83.53824615,19.96377945,16,0
09/03/2022 9:20,58.76423645,100,25.26366425,81.70147705,20.08795357,16,0
09/03/2022 9:30,58.91934586,100,25.25971603,83.41475677,20.28111076,16,0
09/03/2022 9:40,59.03240585,100,25.22937965,84.0896225,20.47356415,16,0
09/03/2022 9:50,59.43729782,100,25.22618103,83.27848053,21.03260803,16,0
09/03/2022 10:00,59.27283096,100,25.24278259,83.39560699,20.89385796,16,0
09/03/2022 10:10,59.30798721,100,25.22821045,82.16921997,21.19070244,16,0
09/03/2022 10:20,58.99613571,100,25.21970367,83.54988098,21.07017517,16,0
09/03/2022 10:30,58.38988876,100,24.69076347,83.42121887,22.39075661,16,100
09/03/2022 10:40,57.11398697,100,26.41822433,83.48285675,22.63042259,16,100
09/03/2022 10:50,56.81518936,100,26.80140686,83.06561279,22.72444344,16,100
09/03/2022 11:00,56.59289932,100,26.8733387,83.70774078,22.81004524,16,100
09/03/2022 11:10,56.42986298,100,26.97727585,83.87539673,22.8897953,16,100
09/03/2022 11:20,56.17755508,100,27.29169655,83.85444641,23.05803299,16,100
09/03/2022 11:30,55.78042984,100,27.31435966,83.53425598,23.10157204,16,100
09/03/2022 11:40,55.64075089,100,27.31416512,83.05234528,23.22865486,16,100
09/03/2022 11:50,55.45122528,100,22.54330444,82.73697662,23.29354095,16,100
09/03/2022 12:00,55.77629089,100,23.61083412,82.64997101,23.16422844,16,100
09/03/2022 12:10,55.62797928,100,23.65585136,82.03247833,23.32539177,16,100
09/03/2022 12:20,55.12911224,100,23.58767319,81.85850525,23.44470787,16,100
09/03/2022 12:30,54.97189331,100,23.40685463,82.61969757,23.58705521,16,100
09/03/2022 12:40,54.95140457,100,23.34076118,83.85067749,23.66134262,16,100
09/03/2022 12:50,54.84179306,100,23.01068497,83.20510101,23.70161057,16,100
09/03/2022 13:00,54.72466278,100,22.89949036,81.95785522,23.71527672,16,100
09/03/2022 13:10,54.90558624,100,22.53955078,83.19426727,23.85414696,16,100
09/03/2022 13:20,54.7460022,100,22.48243904,82.70524597,23.89067268,16,100
09/03/2022 13:30,54.62311935,100,22.48953056,83.68011475,23.94377136,16,100
09/03/2022 13:40,54.74208069,100,22.49859428,83.81594086,24.03738213,16,100
09/03/2022 13:50,54.76820374,100,22.63764954,83.63921356,24.09164238,16,100
09/03/2022 14:00,55.01017761,100,22.8294487,82.64573669,24.05743217,16,100
09/03/2022 14:10,55.23373032,100,22.85633659,80.38005829,24.04626083,16,100
09/03/2022 14:20,55.64428711,100,22.58815384,80.55366516,24.01699257,16,100
09/03/2022 14:30,55.81232452,100,22.48391342,80.28199005,24.03311729,16,100
09/03/2022 14:40,55.76124954,100,22.42196274,82.59062195,23.98391914,16,100
09/03/2022 14:50,55.75241852,100,22.18625641,83.15115356,23.9199543,16,100
09/03/2022 15:00,55.87746429,100,22.05977058,82.98535156,23.8786068,16,100
09/03/2022 15:10,55.63677597,100,24.71865273,83.78643036,23.97725677,16,0
09/03/2022 15:20,56.40379333,100,23.77032471,83.78868103,23.58386993,16,100
09/03/2022 15:30,56.7906189,100,24.63331795,84.73265076,23.59134483,16,100
09/03/2022 15:40,57.07334137,100,23.7406559,84.61037445,23.61804581,16,100
09/03/2022 15:50,57.05566406,100,23.34229088,84.17256927,23.53392029,16,100
09/03/2022 16:00,57.2720871,100,22.91192055,83.67585754,23.46164513,16,100
09/03/2022 16:10,57.31073761,100,22.58036995,81.88471222,23.44163132,16,100
09/03/2022 16:20,57.38123703,100,22.3328476,81.45250702,23.33989334,16,100
09/03/2022 16:30,57.4523468,100,22.05293274,83.64494324,23.29020882,16,100
09/03/2022 16:40,57.53211975,100,21.68715286,81.75317383,23.24886322,16,100
09/03/2022 16:50,57.85371017,100,21.58655357,83.67430878,23.21323395,16,100
09/03/2022 17:00,58.07663345,100,21.18849373,83.33091736,23.12678337,16,100
09/03/2022 17:10,58.35607529,100,20.78275871,83.42021179,23.05357361,16,100
09/03/2022 17:20,58.48230743,100,20.51568794,83.47596741,22.99316025,16,100
09/03/2022 17:30,58.47563171,100,19.55362511,83.58452606,22.83380127,16,100
09/03/2022 17:40,58.60752869,100,19.26231003,83.53018188,22.78038788,16,100
09/03/2022 17:50,58.73455811,100,18.61883926,83.09584045,22.68484116,16,100
09/03/2022 18:00,58.71074677,100,18.17743111,83.53712463,22.56379128,16,100
09/03/2022 18:10,58.85362625,100,17.69862366,83.44637299,22.51590157,16,100
09/03/2022 18:20,58.99223709,100,16.90917397,83.88465881,22.3692894,16,100
09/03/2022 18:30,59.0163765,100,16.4724102,83.81783295,22.2996788,16,100
09/03/2022 18:40,59.00986099,100,16.04312325,83.82691956,22.23891258,16,100
09/03/2022 18:50,58.97865295,100,15.65935421,83.83827209,22.19534874,16,100
09/03/2022 19:00,59.13288498,100,15.62965965,83.82413483,22.15111732,16,100
09/03/2022 19:10,59.13470459,100,15.61381054,83.84638214,22.05620003,16,100
09/03/2022 19:20,59.21825027,100,15.61828709,83.6782608,22.05558205,16,100
09/03/2022 19:30,59.20202255,100,15.61386585,83.76979828,21.96802711,16,100
09/03/2022 19:40,59.40488052,100,15.61361504,83.5832901,21.92230797,16,100
09/03/2022 19:50,59.52692032,100,15.61575699,83.51062012,21.9701004,16,100
09/03/2022 20:00,59.46023941,100,15.61381054,83.62982178,21.86214638,16,100
09/03/2022 20:10,59.92621231,100,16.97123718,83.83093262,21.888834,16,100
09/03/2022 20:20,59.8956337,100,17.7319622,83.82157135,21.99228287,16,100
09/03/2022 20:30,60.29099274,100,18.21360397,84.00166321,22.03145981,16,100
09/03/2022 20:40,60.53381729,100,18.73512077,83.92807007,22.07201958,16,100
09/03/2022 20:50,60.76248932,100,19.47741127,83.93924713,22.13310242,16,100
09/03/2022 21:00,60.29990768,100,19.91734695,84.27351379,22.46686172,16,100
09/03/2022 21:10,59.65128708,100,20.73312569,84.18540192,22.62679863,16,100
09/03/2022 21:20,59.12625885,100,24.41248703,84.31800079,22.73432922,16,100
09/03/2022 21:30,58.60688782,100,26.23217773,84.2937851,22.88239479,16,100
09/03/2022 21:40,58.22261047,100,26.41905594,84.4234848,22.85163498,16,100
09/03/2022 21:50,57.85355377,100,26.39895439,83.54458618,22.94382668,16,100
09/03/2022 22:00,57.5859375,100,25.9765358,83.60803223,22.95952797,16,100
09/03/2022 22:10,57.32274628,100,25.97141838,83.68101501,23.14478683,16,100
09/03/2022 22:20,57.02487946,100,23.77157593,83.79109192,23.00845909,16,100
09/03/2022 22:30,56.66110611,100,22.17710876,83.72699738,23.51480484,16,0
09/03/2022 22:40,56.66847229,100,22.29614449,84.12858582,23.77565575,16,0
09/03/2022 22:50,56.25598526,100,22.42224121,84.0894165,24.03223228,16,0
09/03/2022 23:00,53.07816315,100,22.5872097,84.03450012,24.71490669,16,0
09/03/2022 23:10,50.39701462,100,22.76622009,83.45068359,24.75449562,16,0
09/03/2022 23:20,49.18331528,100,22.84691238,83.49317169,24.82931519,16,0
09/03/2022 23:30,49.08189392,100,22.91623116,83.48079681,24.34871674,16,0
09/03/2022 23:40,49.64419937,100,22.95743752,83.50804138,24.11987114,16,0
09/03/2022 23:50,50.01356125,100,22.99422264,83.45175171,23.8179245,16,0
10/03/2022 0:00,50.11187744,100,23.03785133,83.44749451,24.1792202,16,0
10/03/2022 0:10,49.7576828,100,23.05878639,84.09375763,23.86889076,16,0
10/03/2022 0:20,50.50672913,100,23.05281067,83.85256195,23.89600372,16,0
10/03/2022 0:30,49.88921356,100,23.12312889,83.23529816,24.18492508,16,0
10/03/2022 0:40,49.63607025,100,23.14237022,83.27483368,24.17690659,16,0
10/03/2022 0:50,49.2263298,100,23.15891457,83.43966675,24.19380569,16,0
10/03/2022 1:00,49.35920334,100,23.18421745,83.44356537,23.92473984,16,0
10/03/2022 1:10,49.77000809,100,23.2050724,83.33763885,23.73321915,16,0
10/03/2022 1:20,49.25284576,100,23.2206707,83.39194489,23.93899918,16,0
10/03/2022 1:30,49.11559677,100,23.23557472,83.29959869,23.81894112,16,0
10/03/2022 1:40,49.39128876,100,23.24663925,83.37618256,23.62892342,16,0
10/03/2022 1:50,49.62122345,100,23.25895691,83.25707245,23.45809555,16,0
10/03/2022 2:00,50.28243637,100,23.31715393,83.56908417,23.20469284,16,0
10/03/2022 2:10,50.28626251,100,23.32076836,82.91313171,23.34611893,16,0
10/03/2022 2:20,49.77243042,100,23.32660866,82.93725586,23.29510498,16,0
10/03/2022 2:30,50.02358627,100,23.39884567,83.57407379,23.1383419,16,0
10/03/2022 2:40,49.77170944,100,23.38889313,83.57529449,23.1263237,16,0
10/03/2022 2:50,49.88215256,100,23.41324997,83.67225647,23.0020752,16,0
10/03/2022 3:00,50.6674881,100,23.44978523,83.64896393,22.91505432,16,0
10/03/2022 3:10,51.69669342,100,23.46024132,83.6463623,22.77178764,16,0
10/03/2022 3:20,52.8613205,100,23.48921204,82.37486267,22.4846096,16,0
10/03/2022 3:30,53.64219666,100,23.48999214,82.65847778,22.28543282,16,0
10/03/2022 3:40,53.91097641,100,23.5186882,82.64510345,22.13439941,16,0
10/03/2022 3:50,54.17066956,100,23.55208015,82.62667084,22.05642891,16,0
10/03/2022 4:00,54.42280579,100,23.56715202,82.67058563,22.03250313,16,0
10/03/2022 4:10,54.66185379,100,23.57930183,82.74837494,21.90884781,16,0
10/03/2022 4:20,54.54148483,100,23.60702515,82.78987885,21.7246933,16,0
10/03/2022 4:30,54.40605164,100,23.60947037,82.62379456,21.4701767,16,0
10/03/2022 4:40,54.65528488,100,23.60290909,82.72644043,21.36590576,16,0
10/03/2022 4:50,55.17318344,100,23.60555077,82.88511658,21.1396656,16,0
10/03/2022 5:00,55.80304337,100,23.644701,82.80455017,20.93452644,16,0
10/03/2022 5:10,56.51929855,100,23.64425468,82.82310486,20.70781326,16,0
10/03/2022 5:20,57.20410156,100,23.65815735,82.89202118,20.59609222,16,0
10/03/2022 5:30,57.65707397,100,23.66708374,82.94839478,20.5546608,16,0
10/03/2022 5:40,57.78516388,100,23.65496063,82.86391449,20.57216644,16,0
10/03/2022 5:50,57.69107437,100,23.66950417,83.03991699,20.5617466,16,0
10/03/2022 6:00,57.75318146,100,23.68109894,82.95679474,20.59644318,16,0
10/03/2022 6:10,57.77939987,100,23.67853928,82.85995483,20.35447693,16,0
10/03/2022 6:20,57.74472427,100,23.7086525,82.8881073,20.22699356,16,0
10/03/2022 6:30,58.15216827,100,23.70759773,82.62807465,20.22005272,16,0
10/03/2022 6:40,58.41152573,100,23.70039558,82.82511902,20.18540573,16,0
10/03/2022 6:50,58.68343735,100,23.71668816,82.80902863,20.23552322,16,0
10/03/2022 7:00,58.92928314,100,23.71432495,82.81845856,20.10836792,16,0
10/03/2022 7:10,59.06248093,100,23.71852493,83.3137207,20.08052826,16,0
10/03/2022 7:20,59.2810936,100,23.73217583,83.34614563,19.95617104,16,0
10/03/2022 7:30,59.54296112,100,23.73111916,83.36505127,19.95854759,16,0
10/03/2022 7:40,59.76753998,100,23.75244713,83.33940887,19.90192223,16,0
10/03/2022 7:50,59.93271637,100,23.76751518,83.3399353,19.9335289,16,0
10/03/2022 8:00,60.20378876,100,23.75286293,82.57780457,19.86178589,16,0
10/03/2022 8:10,60.22188568,100,23.76487541,84.20239258,19.82190514,16,0
10/03/2022 8:20,60.33520126,100,23.77271652,82.54048157,19.90655136,16,0
10/03/2022 8:30,60.46259308,100,23.76634979,82.51094055,19.96021652,16,0
10/03/2022 8:40,60.5624733,100,23.78622818,82.46096039,19.92501259,16,0
10/03/2022 8:50,60.59771729,100,23.77121353,83.30088806,19.96089745,16,0
10/03/2022 9:00,60.7169075,100,23.79763031,83.78132629,19.99228668,16,0
10/03/2022 9:10,60.70722198,100,23.81314468,82.53378296,19.93470573,16,0
10/03/2022 9:20,60.57885361,100,23.83374786,80.11173248,20.07198715,16,0
10/03/2022 9:30,60.05300903,100,23.85212708,83.17569733,20.12747192,16,0
10/03/2022 9:40,60.21086121,100,23.8475399,83.61862183,20.84968758,16,0
10/03/2022 9:50,60.54378891,100,23.86127472,83.39937592,21.1502285,16,0
10/03/2022 10:00,60.46070862,100,23.88154602,83.98423004,21.20787048,16,0
10/03/2022 10:10,60.17925262,100,23.94113159,84.40922546,21.31890106,16,0
10/03/2022 10:20,59.92538834,100,23.9302063,84.35484314,21.583498,16,0
10/03/2022 10:30,58.27495956,100,23.00370407,83.90267181,22.62010002,16,100
10/03/2022 10:40,56.61766434,100,22.08382416,84.02516937,22.85600853,16,100
10/03/2022 10:50,55.95548248,100,22.01542282,83.61558533,22.92256737,16,100
10/03/2022 11:00,55.35980606,100,21.66652107,83.53873444,23.05033875,16,100
10/03/2022 11:10,54.74719238,100,21.54798698,83.88446808,23.14437294,16,100
10/03/2022 11:20,54.18238831,100,21.35120964,83.9544754,23.30964279,16,100
10/03/2022 11:30,53.35902023,100,21.39213753,83.91676331,23.42488861,16,100
10/03/2022 11:40,52.94762802,100,21.5714283,84.09120941,23.48817635,16,100
10/03/2022 11:50,52.6675148,100,21.62197685,83.70807648,23.54290962,16,100
10/03/2022 12:00,52.43065262,100,21.62456322,83.54071045,23.58721352,16,100
10/03/2022 12:10,52.27599716,100,21.62531281,83.5226593,23.65689659,16,100
10/03/2022 12:20,52.18922043,100,21.65946007,83.54709625,23.6752739,16,100
10/03/2022 12:30,51.8958931,100,21.6744194,83.85088348,23.75498772,16,100
10/03/2022 12:40,51.73383331,100,21.66479683,83.82770538,23.75370407,16,100
10/03/2022 12:50,51.64078522,100,21.67486191,84.18672943,23.82870674,16,100
10/03/2022 13:00,51.5877533,100,21.73311424,84.17147064,23.86681938,16,100
10/03/2022 13:10,51.5210495,100,27.75610161,84.1410141,23.88954544,16,100
10/03/2022 13:20,51.38462067,100,25.52442169,84.02397919,23.85333633,16,100
10/03/2022 13:30,51.46845627,100,25.52442169,84.1963501,23.97951126,16,100
10/03/2022 13:40,51.22396851,100,25.75331688,84.21027374,24.06564522,16,100
10/03/2022 13:50,51.16941833,100,25.97141838,84.17781067,24.09006882,16,100
10/03/2022 14:00,51.09384537,100,26.11953926,82.85173798,24.15564537,16,100
10/03/2022 14:10,50.85669708,100,26.31793022,81.97716522,24.19150543,16,100
10/03/2022 14:20,50.72498322,100,25.93963814,82.19569397,24.22777557,16,100
10/03/2022 14:30,50.46836853,100,25.46689224,83.70988464,24.23154259,16,100
10/03/2022 14:40,50.33691406,100,25.03107262,83.98750305,24.2929039,16,100
10/03/2022 14:50,50.32568741,100,28.67923737,82.78031921,24.29943466,16,100
10/03/2022 15:00,50.3647995,100,25.51243973,83.43785095,24.13606834,16,100
10/03/2022 15:10,50.48432159,100,23.77994537,82.78342438,24.01104355,16,100
10/03/2022 15:20,50.97050476,100,23.48326302,82.86169434,23.91615105,16,100
10/03/2022 15:30,51.36175919,100,23.34065056,82.85608673,23.8492775,16,100
10/03/2022 15:40,51.89877319,100,22.92154121,83.09213257,23.74600029,16,100
10/03/2022 15:50,52.28861618,100,22.8317852,83.06681061,23.69701958,16,100
10/03/2022 16:00,52.50800323,100,22.48260689,83.06224823,23.66599464,16,100
10/03/2022 16:10,52.67698288,100,22.32261467,83.09117889,23.64990616,16,100
10/03/2022 16:20,52.91421509,100,22.05418205,82.96966553,23.59667397,16,100
10/03/2022 16:30,53.12956619,100,22.05198479,82.99642181,23.58093643,16,100
10/03/2022 16:40,53.68497467,100,21.81614113,83.32355499,23.5185585,16,100
10/03/2022 16:50,53.79974365,100,21.62445259,83.31156158,23.47178459,16,100
10/03/2022 17:00,53.96599197,100,21.57910156,83.2951889,23.44190979,16,100
10/03/2022 17:10,53.94104767,100,21.21329498,83.02867126,23.32680893,16,100
10/03/2022 17:20,54.0765419,100,21.19093895,83.15937805,23.30987167,16,100
10/03/2022 17:30,54.35470963,100,20.22773552,83.21821594,23.26937294,16,100
10/03/2022 17:40,54.59938812,100,19.80381775,82.99990082,23.17340088,16,100
10/03/2022 17:50,54.85963821,100,19.04459381,83.02639771,23.07252121,16,100
10/03/2022 18:00,55.11612701,100,18.5565834,83.03105927,22.99962807,16,100
10/03/2022 18:10,55.2533493,100,17.8848362,83.0223999,22.90295219,16,100
10/03/2022 18:20,55.25060272,100,19.8890686,82.80812836,22.83104134,16,100
10/03/2022 18:30,55.2517128,100,19.90110779,82.66535187,22.83955574,16,100
10/03/2022 18:40,55.18558502,100,20.32374763,82.58382416,22.84235573,16,100
10/03/2022 18:50,55.38323975,100,18.66471863,82.60051727,22.81593323,16,100
10/03/2022 19:00,55.37909317,100,18.46977425,82.48256683,22.76439857,16,100
10/03/2022 19:10,55.2443924,100,17.77628326,82.41159058,22.71626663,16,100
10/03/2022 19:20,55.3518486,100,17.35230827,82.31519318,22.63949585,16,100
10/03/2022 19:30,55.36543655,100,16.94176292,82.67508698,22.59003067,16,100
10/03/2022 19:40,55.6031723,100,16.48792458,82.74242401,22.51300621,16,100
10/03/2022 19:50,55.73565292,100,16.09751129,82.8799057,22.4385376,16,100
10/03/2022 20:00,55.98189163,100,16.04312325,82.88743591,22.37538338,16,100
10/03/2022 20:10,56.1620636,100,16.04312325,82.78834534,22.34240723,16,100
10/03/2022 20:20,56.29137039,100,16.03514481,82.90697479,22.30072212,16,100
10/03/2022 20:30,56.40681458,100,16.02410507,82.76126862,22.2676487,16,100
10/03/2022 20:40,56.69002533,100,16.02874756,82.75119019,22.20508766,16,100
10/03/2022 20:50,56.87564468,100,16.04128838,82.78992462,22.16192245,16,100
10/03/2022 21:00,57.2109642,100,16.00672531,82.85780334,22.16719437,16,100
10/03/2022 21:10,57.2688942,100,16.0172081,82.96009827,22.14269829,16,100
10/03/2022 21:20,57.57408905,100,16.02974892,83.27745819,22.12903214,16,100
10/03/2022 21:30,57.45294571,100,15.99999809,83.19269562,22.10609818,16,100
10/03/2022 21:40,57.70522308,100,15.98195267,82.8470993,22.0282383,16,100
10/03/2022 21:50,57.93867111,100,16.02936172,82.55646515,21.99628067,16,100
10/03/2022 22:00,57.96645737,100,16.02271461,82.72984314,21.99085236,16,100
10/03/2022 22:10,58.08427811,100,16.03250122,83.09357452,21.94197083,16,100
10/03/2022 22:20,58.30521011,100,16.03036118,82.20090485,21.89730263,16,100
10/03/2022 22:30,57.54861832,100,12.6167345,80.22021484,22.59230995,16,0
10/03/2022 22:40,55.48621368,100,12.91844845,83.36031342,23.18931961,16,0
10/03/2022 22:50,53.71166992,100,13.24001694,83.38323212,23.44198227,16,0
10/03/2022 23:00,52.57368088,100,13.47299767,83.46959686,23.85626793,16,0
10/03/2022 23:10,51.90576935,100,13.73395061,83.78587341,23.99687004,16,0
10/03/2022 23:20,51.40730286,100,13.98861885,83.6676178,23.95214272,16,0
10/03/2022 23:30,51.04932785,100,14.23277664,83.73472595,23.906847,16,0
10/03/2022 23:40,50.91379166,100,14.37572384,83.84945679,23.85443687,16,0
10/03/2022 23:50,50.72292709,100,14.57024956,80.77642059,23.71279335,16,0
11/03/2022 0:00,50.92880249,100,14.7163105,83.23770142,23.56970787,16,0
11/03/2022 0:10,50.65143585,100,14.82269478,83.2243042,23.42997551,16,0
11/03/2022 0:20,50.76214218,100,15.0035677,82.8842392,23.2482338,16,0
11/03/2022 0:30,51.1915741,100,15.11598396,83.15567017,23.03145218,16,0
11/03/2022 0:40,51.65584183,100,15.21611023,83.81887054,22.86123085,16,0
11/03/2022 0:50,52.71928406,100,15.30316925,83.75469208,22.63591003,16,0
11/03/2022 1:00,53.80989838,100,15.45843506,83.7401123,22.45152473,16,0
11/03/2022 1:10,54.57624054,100,15.59751606,84.08460236,22.47092056,16,0
11/03/2022 1:20,54.79754257,100,15.65379333,83.77745819,22.27549934,16,0
11/03/2022 1:30,54.52236938,100,15.84000587,83.98917389,21.98561859,16,0
11/03/2022 1:40,54.63088226,100,15.92962265,83.5922699,21.81613541,16,0
11/03/2022 1:50,54.86464691,100,16.03239059,83.11065674,21.68276405,16,0
11/03/2022 2:00,55.23537445,100,16.1240654,83.42299652,21.59738159,16,0
11/03/2022 2:10,55.64852524,100,16.26431465,84.14167023,21.60572624,16,0
11/03/2022 2:20,55.90277863,100,16.3807354,84.04253387,21.43287468,16,0
11/03/2022 2:30,55.93258667,100,16.46773911,83.75183105,21.48807144,16,0
11/03/2022 2:40,55.91078568,100,16.61933136,83.57569885,21.40538788,16,0
11/03/2022 2:50,56.20537949,100,16.71940422,84.05211639,21.34482574,16,0
11/03/2022 3:00,56.57490921,100,16.82848549,83.71085358,21.27872849,16,0
11/03/2022 3:10,56.92998886,100,16.88851547,83.71762848,21.1928463,16,0
11/03/2022 3:20,56.95682907,100,16.96812248,83.63999176,21.04391098,16,0
11/03/2022 3:30,56.55487061,100,17.07275391,83.66757965,20.98175049,16,0
11/03/2022 3:40,55.6769371,100,17.18575478,83.9287796,20.82015228,16,0
11/03/2022 3:50,55.02505493,100,17.26107979,83.75349426,20.72277451,16,0
11/03/2022 4:00,54.74367905,100,17.33387184,83.65296936,20.59306335,16,0
11/03/2022 4:10,54.94752502,100,17.46422577,83.64447784,20.32145309,16,0
11/03/2022 4:20,55.30157089,100,17.56955147,83.61300659,20.06428146,16,0
11/03/2022 4:30,55.31303406,100,17.63472748,83.87133026,20.14411926,16,0
11/03/2022 4:40,55.1805191,100,17.70095825,83.95337677,20.07753563,16,0
11/03/2022 4:50,55.16815948,100,17.78840637,81.79457855,20.04452324,16,0
11/03/2022 5:00,55.03908539,100,17.90830231,84.12454987,19.96698952,16,0
11/03/2022 5:10,54.66717911,100,18.00336838,83.96612549,19.90907097,16,0
11/03/2022 5:20,54.39884567,100,18.05970192,83.95085907,19.9114933,16,0
11/03/2022 5:30,54.14252472,100,18.13736343,83.57980347,19.79902077,16,0
11/03/2022 5:40,54.14803696,100,18.19872856,81.93572235,19.66794014,16,0
11/03/2022 5:50,54.54713821,100,18.3002739,84.00152588,19.73449707,16,0
11/03/2022 6:00,54.65821457,100,18.38154793,84.23492432,19.77924919,16,0
11/03/2022 6:10,54.43320465,100,18.45314598,84.14125824,19.70370293,16,0
11/03/2022 6:20,54.38820648,100,18.52566338,84.13391876,19.65171814,16,0
11/03/2022 6:30,54.28876877,100,18.57918739,81.83008575,19.61886215,16,0
11/03/2022 6:40,53.84509659,100,18.61608696,82.03272247,19.60833549,16,0
11/03/2022 6:50,54.15850449,100,18.68440437,82.20478058,19.61146164,16,0
11/03/2022 7:00,55.19886017,100,18.7313385,84.41945648,19.49188995,16,0
11/03/2022 7:10,55.56982803,100,18.84230995,84.30170441,19.48207664,16,0
11/03/2022 7:20,55.91542816,100,18.88465691,84.20235443,19.42318726,16,0
11/03/2022 7:30,55.92361832,100,18.96871376,84.24095154,19.40386391,16,0
11/03/2022 7:40,56.22089005,100,19.02293205,84.34229279,19.56066513,16,0
11/03/2022 7:50,56.46927261,100,19.08124161,84.12939453,19.55412102,16,0
11/03/2022 8:00,56.60211563,100,19.14594269,84.11733246,19.54307365,16,0
11/03/2022 8:10,56.69902039,100,19.26853752,83.95967102,19.58780098,16,0
11/03/2022 8:20,56.72894287,100,19.32823563,84.03099823,19.59664536,16,0
11/03/2022 8:30,56.80869293,100,19.39894485,84.06767273,19.64700508,16,0
11/03/2022 8:40,56.7710228,100,19.45433235,84.02636719,19.64144516,16,0
11/03/2022 8:50,56.4487381,100,19.50160027,84.03762817,19.75439072,16,0
11/03/2022 9:00,56.56496429,100,19.5715332,84.02565002,20.17343712,16,0
11/03/2022 9:10,56.80341721,100,19.63464928,83.91971588,20.18031693,16,0
11/03/2022 9:20,56.58911896,100,19.70838928,84.02629089,20.2514782,16,0
11/03/2022 9:30,56.71550751,100,19.79703331,84.05583191,20.38603592,16,0
11/03/2022 9:40,56.93489456,100,19.84104729,83.92253113,20.3440094,16,0
11/03/2022 9:50,57.11242676,100,19.90558434,83.84041595,20.33666801,16,0
11/03/2022 10:00,56.81755447,100,19.98652458,81.57673645,20.49051285,16,0
11/03/2022 10:10,56.82304001,100,20.0763092,81.44400024,20.81397438,16,0
11/03/2022 10:20,57.08680725,100,20.11473656,78.27388763,20.9986496,16,0
11/03/2022 10:30,57.62260437,100,20.76507378,83.22080994,22.42801094,16,100
11/03/2022 10:40,56.49158478,100,25.51886177,84.55515289,22.6978035,16,100
11/03/2022 10:50,55.92436218,100,26.54162407,79.59729767,22.75038147,16,100
11/03/2022 11:00,55.1272049,100,27.15931892,84.66984558,22.87769318,16,100
11/03/2022 11:10,54.73179626,100,27.31521988,84.4817276,23.0091877,16,100
11/03/2022 11:20,54.26503372,100,27.72537804,83.85684204,23.14295578,16,100
11/03/2022 11:30,53.82384491,100,27.75946617,84.08244324,23.20730972,16,100
11/03/2022 11:40,53.33067322,100,28.11896133,84.12495422,23.33456039,16,100
11/03/2022 11:50,52.6564827,100,28.20646477,84.00138855,23.35967636,16,100
11/03/2022 12:00,52.14170837,100,28.20960617,84.27952576,23.46897507,16,100
11/03/2022 12:10,51.7538147,100,28.44000244,83.90336609,23.76385689,16,68.16879272
11/03/2022 12:20,51.90304947,100,28.63680649,84.32344055,23.62329102,16,100
11/03/2022 12:30,51.40629959,100,28.66469574,84.46263885,23.70638466,16,100
11/03/2022 12:40,50.73814392,100,28.74858475,84.05393982,23.75279617,16,100
11/03/2022 12:50,50.22695541,100,29.00308609,84.37091827,23.83876228,16,100
11/03/2022 13:00,49.86605453,100,29.09851456,84.20326233,23.8993721,16,100
11/03/2022 13:10,49.71220016,100,29.09414673,84.16639709,23.91805267,16,100
11/03/2022 13:20,49.20428848,100,29.10582733,84.11103058,23.99964523,16,100
11/03/2022 13:30,48.91653442,100,29.1564312,84.48240662,24.07750511,16,100
11/03/2022 13:40,48.81018829,100,29.3034668,82.03995514,24.1398468,16,100
11/03/2022 13:50,48.53734589,100,29.3974762,81.26531982,24.16150856,16,100
11/03/2022 14:00,48.57004166,100,29.44813728,82.46549225,24.19472694,16,100
11/03/2022 14:10,48.69969559,100,29.50438881,83.75005341,24.18635559,16,100
11/03/2022 14:20,48.65592194,100,29.52607536,83.60311127,24.26386452,16,100
11/03/2022 14:30,48.94712448,100,29.49507141,83.56298828,24.28358841,16,100
11/03/2022 14:40,48.81544876,100,29.50180244,83.53474426,24.29169273,16,100
11/03/2022 14:50,48.80709839,100,23.27781105,80.69678497,24.28421783,16,100
11/03/2022 15:00,49.20286942,100,22.911726,80.73084259,24.04370689,16,100
11/03/2022 15:10,,,,,,,
11/03/2022 15:20,50.33007813,100,22.48243904,83.34746552,23.7907753,16,100
11/03/2022 15:30,50.72764587,100,22.24692917,83.35088348,23.69941902,16,100
11/03/2022 15:40,51.11370087,100,21.96656799,83.3687439,23.66175461,16,100
11/03/2022 15:50,51.38887787,100,21.62384033,83.26475525,23.61403465,16,100
11/03/2022 16:00,51.62409592,100,21.26237106,83.0480423,23.58013916,16,100
11/03/2022 16:10,52.00669098,100,21.11166763,81.04130554,23.52256966,16,100
11/03/2022 16:20,52.28189087,100,20.75992966,81.090065,23.47089958,16,100
11/03/2022 16:30,52.5681076,100,20.38183403,81.04170227,23.43867493,16,100
11/03/2022 16:40,52.67374039,100,20.33600998,81.0681076,23.38879776,16,100
11/03/2022 16:50,52.93304443,100,20.15658379,80.71881104,23.35900879,16,100
11/03/2022 17:00,53.04105759,100,19.9101162,82.97223663,23.30881882,16,100
11/03/2022 17:10,53.0501442,100,19.84330177,82.85941315,23.28443146,16,100
11/03/2022 17:20,53.05710983,100,19.47499275,80.78544617,23.22583199,16,100
11/03/2022 17:30,53.1908493,100,18.4067688,82.90486908,23.17084312,16,100
11/03/2022 17:40,53.20332718,100,18.62656975,82.88735962,23.12043381,16,100
11/03/2022 17:50,53.20124054,100,18.50567245,82.82033539,23.04986763,16,100
11/03/2022 18:00,53.28465652,100,18.18985939,82.75221252,23.00431633,16,100
11/03/2022 18:10,53.60043716,100,18.04649544,83.1080246,22.96631241,16,100
11/03/2022 18:20,53.71337128,100,17.76360512,83.12945557,22.87150383,16,100
11/03/2022 18:30,53.97987366,100,17.73849487,83.0632782,22.82097244,16,100
11/03/2022 18:40,54.49034119,100,17.43652916,82.99893188,22.78047371,16,100
11/03/2022 18:50,54.71972656,100,17.33192635,82.81906891,22.71409798,16,100
11/03/2022 19:00,55.01319885,100,17.31593895,82.95349121,22.66277885,16,100
11/03/2022 19:10,55.14213943,100,17.11265373,82.84142303,22.59407806,16,100
11/03/2022 19:20,55.50580597,100,16.97994041,82.87680054,22.58674812,16,100
11/03/2022 19:30,55.76202393,100,16.90169525,82.85667419,22.52754402,16,100
11/03/2022 19:40,55.89079285,100,16.88865471,82.81820679,22.47891617,16,100
11/03/2022 19:50,56.15120697,100,16.71504021,81.74424744,22.45070076,16,100
11/03/2022 20:00,56.29356003,100,16.5886364,82.50946808,22.42328453,16,100
11/03/2022 20:10,56.36091232,100,16.47936058,82.67492676,22.41376305,16,100
11/03/2022 20:20,56.67378998,100,16.4724102,82.25514984,22.37485123,16,100
11/03/2022 20:30,56.78173828,100,16.45745087,82.18618011,22.33735657,16,100
11/03/2022 20:40,56.91673279,100,16.34152985,80.55046082,22.31112671,16,100
11/03/2022 20:50,57.04639053,100,16.09156036,82.19248962,22.30929947,16,100
11/03/2022 21:00,57.46989441,100,17.43249893,80.44113922,22.29586411,16,100
11/03/2022 21:10,57.8093338,100,17.78098106,82.47689819,22.34188652,16,100
11/03/2022 21:20,57.79787827,100,18.6186161,80.21098328,22.32889938,16,100
11/03/2022 21:30,57.93035126,100,19.0679512,83.00909424,22.32951736,16,100
11/03/2022 21:40,58.19075012,100,19.76238632,82.72074127,22.35262108,16,100
11/03/2022 21:50,58.47982788,100,20.33559418,83.43943024,22.4115696,16,100
11/03/2022 22:00,57.93169022,100,20.33600998,83.62365723,22.68061256,16,100
11/03/2022 22:10,57.56863403,100,20.37343597,81.51702118,22.76806831,16,100
11/03/2022 22:20,57.31861115,100,20.78845787,81.45501709,22.89034081,16,100
11/03/2022 22:30,56.64678192,100,21.61460876,83.10395813,23.49983025,16,0
11/03/2022 22:40,54.97212982,100,21.63407135,82.60360718,23.88775253,16,0
11/03/2022 22:50,53.0827446,100,21.7110939,82.71389771,24.2655983,16,0
11/03/2022 23:00,51.50912476,100,21.80760574,82.52911377,24.72194481,16,0
11/03/2022 23:10,51.1125145,100,21.88139915,82.49782562,24.70251274,16,0
11/03/2022 23:20,51.8958168,100,21.92294121,84.6509552,24.79840088,16,0
11/03/2022 23:30,52.2925148,100,21.9849205,83.36673737,24.80452919,16,0
11/03/2022 23:40,51.78227234,100,22.01506042,83.30201721,24.65818596,16,0
11/03/2022 23:50,51.25884247,100,22.04898262,81.23143768,24.53204727,16,0
12/03/2022 0:00,51.24359131,100,22.08082008,80.98832703,24.33365822,16,0
12/03/2022 0:10,51.04524612,100,22.14560699,80.96209717,23.9765892,16,0
12/03/2022 0:20,51.29816437,100,22.19743538,81.11587524,23.72506523,16,0
12/03/2022 0:30,51.55374527,100,22.25551987,83.98400116,23.68185234,16,0
12/03/2022 0:40,51.42282867,100,22.31521988,83.99358368,24.058424,16,0
12/03/2022 0:50,50.77455139,100,22.34141159,83.89316559,24.02512169,16,0
12/03/2022 1:00,50.61913681,100,22.39109802,83.46898651,23.87257385,16,0
12/03/2022 1:10,51.10142899,100,22.44142723,83.12487793,23.74787712,16,0
12/03/2022 1:20,52.44494629,100,22.50273705,83.29695129,23.51045418,16,0
12/03/2022 1:30,53.49803162,100,22.54138756,83.30978394,23.1385231,16,0
12/03/2022 1:40,54.00910187,100,22.59535599,83.51654816,23.03775215,16,0
12/03/2022 1:50,53.78947449,100,22.68847656,83.27537537,22.93529892,16,0
12/03/2022 2:00,53.75436401,100,22.69920921,83.35029602,22.85065269,16,0
12/03/2022 2:10,53.98315811,100,22.76655388,83.17178345,22.72818756,16,0
12/03/2022 2:20,54.21982956,100,22.78568459,83.51148987,22.64515305,16,0
12/03/2022 2:30,54.5125885,100,22.8263073,83.34820557,22.49286079,16,0
12/03/2022 2:40,54.53143311,100,22.84065437,83.81147003,22.28926086,16,0
12/03/2022 2:50,53.95926285,100,22.85881233,83.63890076,22.19148254,16,0
12/03/2022 3:00,53.73550797,100,22.90838814,83.55027771,22.09434891,16,0
12/03/2022 3:10,53.4695816,100,22.92815971,83.63471222,21.97912407,16,0
12/03/2022 3:20,53.08992386,100,22.95485115,81.84066772,22.00748634,16,0
12/03/2022 3:30,53.08737946,100,23.00142479,81.87737274,22.10051346,16,0
12/03/2022 3:40,52.41746902,100,23.05091858,83.74716949,21.84577942,16,0
12/03/2022 3:50,51.30802536,100,23.07366371,80.05846405,21.80445671,16,0
12/03/2022 4:00,50.40122223,100,23.14478874,82.81195831,21.73393631,16,0
12/03/2022 4:10,50.14721298,100,23.15702438,81.38140869,21.78938484,16,0
12/03/2022 4:20,50.39244843,100,23.16252899,81.2485733,21.72207642,16,0
12/03/2022 4:30,51.39058685,100,23.20023346,81.23911285,21.70222092,16,0
12/03/2022 4:40,52.32754517,100,23.20832443,83.42266846,21.75133324,16,0
12/03/2022 4:50,53.22286987,100,23.23932838,81.81415558,21.65263557,16,0
12/03/2022 5:00,53.87208939,100,23.27547455,81.9095459,21.58366776,16,0
12/03/2022 5:10,54.23940277,100,23.27430725,81.99806213,21.47213936,16,0
12/03/2022 5:20,54.44873428,100,23.30019379,83.57072449,21.49487877,16,0
12/03/2022 5:30,54.78807068,100,23.30428123,84.18400574,21.47410202,16,0
12/03/2022 5:40,55.03236008,100,23.33119583,83.07210541,21.45376015,16,0
12/03/2022 5:50,55.04353714,100,23.39915276,83.92507935,21.41741753,16,0
12/03/2022 6:00,54.62599945,100,23.41110802,84.54499817,21.29083061,16,0
12/03/2022 6:10,54.25254059,100,23.4270134,84.31023407,21.23486137,16,0
12/03/2022 6:20,53.86344147,100,23.45776558,82.29267883,21.00639153,16,0
12/03/2022 6:30,54.14406204,100,23.49171638,82.34796143,20.89160538,16,0
12/03/2022 6:40,54.39044189,100,23.53297997,82.2943573,20.77033615,16,0
12/03/2022 6:50,54.81512451,100,23.54382324,84.5381012,20.80676651,16,0
12/03/2022 7:00,55.05258942,100,23.55881119,82.49404144,20.93411446,16,0
12/03/2022 7:10,55.17092514,100,23.57121086,82.545578,20.98216057,16,0
12/03/2022 7:20,55.41738129,100,23.6037426,82.34249115,20.9543705,16,0
12/03/2022 7:30,55.57151031,100,23.5846138,81.55230713,20.82187271,16,0
12/03/2022 7:40,55.29301834,100,23.61948204,83.89104462,20.60016251,16,0
12/03/2022 7:50,54.76902008,100,23.63977814,83.8498764,20.54862595,16,0
12/03/2022 8:00,55.1729126,100,23.65079117,83.93096924,20.65488434,16,0
12/03/2022 8:10,55.29333878,100,23.66555405,81.8768692,20.77025223,16,0
12/03/2022 8:20,55.41038513,100,23.68618584,82.2817688,20.64155769,16,0
12/03/2022 8:30,55.68633652,100,23.70348167,81.21077728,20.79152679,16,0
12/03/2022 8:40,55.94403076,100,23.70651245,84.18641663,20.85555267,16,0
12/03/2022 8:50,56.40553284,100,23.71376991,84.01995087,20.84882927,16,0
12/03/2022 9:00,56.84080887,100,23.74505043,82.38699341,20.80867958,16,0
12/03/2022 9:10,57.34994888,100,23.76181602,83.24707794,20.81107903,16,0
12/03/2022 9:20,57.57247925,100,23.76940727,83.74662781,20.8426857,16,0
12/03/2022 9:30,57.73112106,100,23.7819767,85.04871368,20.90113831,16,0
12/03/2022 9:40,57.1687088,100,23.79042816,83.58159637,20.76855659,16,0
12/03/2022 9:50,55.81742096,100,23.79754639,83.36673737,20.8064518,16,0
12/03/2022 10:00,55.16885376,100,23.79676819,83.2911377,20.84257698,16,0
12/03/2022 10:10,54.74428558,100,23.85312843,84.36608124,20.99587631,16,0
12/03/2022 10:20,55.16554642,100,23.87851524,85.19715118,21.13026428,16,0
12/03/2022 10:30,56.33858871,100,23.16024971,85.58629608,22.65746117,16,100
12/03/2022 10:40,54.63637543,100,22.48922348,83.44703674,22.98873711,16,100
12/03/2022 10:50,53.86196518,100,22.29547691,85.38606262,23.16279984,16,100
12/03/2022 11:00,53.0641861,100,22.05315399,85.46485901,23.24375153,16,100
12/03/2022 11:10,52.54164886,100,21.64916992,85.11477661,23.41399765,16,100
12/03/2022 11:20,52.28116608,100,21.61808395,85.22860718,23.54091072,16,100
12/03/2022 11:30,51.80653381,100,21.59378242,84.99954224,23.62022591,16,100
12/03/2022 11:40,51.63841248,100,21.61933708,83.98512268,23.73711967,16,100
12/03/2022 11:50,51.51921463,100,21.62364578,84.01787567,23.84349823,16,100
12/03/2022 12:00,51.64128494,100,21.62384033,83.89225769,23.92048645,16,100
12/03/2022 12:10,51.77964401,100,21.63173676,84.36746979,24.0587635,16,100
12/03/2022 12:20,52.27193069,100,21.62959671,84.37381744,24.1117897,16,100
12/03/2022 12:30,52.02213669,100,21.62928963,84.49523926,24.29451561,16,100
12/03/2022 12:40,51.90286636,100,21.63120842,84.6630249,24.41529846,16,100
12/03/2022 12:50,51.90417862,100,21.65050507,84.38655853,24.33494186,16,100
12/03/2022 13:00,51.63765717,100,21.64369392,84.36765289,24.40023994,16,100
12/03/2022 13:10,51.10448456,100,21.65603828,84.83059692,24.43904305,16,100
12/03/2022 13:20,50.69881058,100,21.74343109,84.4868927,24.47962761,16,100
12/03/2022 13:30,50.3248291,100,21.96345329,84.76242065,24.53884315,16,100
12/03/2022 13:40,50.07650757,100,22.05145836,85.00693512,24.56028557,16,100
12/03/2022 13:50,50.08731461,100,22.05293274,85.08222961,24.66139412,16,100
12/03/2022 14:00,50.07344437,100,22.06079865,84.98436737,24.70672798,16,100
12/03/2022 14:10,49.93464661,100,22.11109924,85.01678467,24.70188332,16,100
12/03/2022 14:20,50.229599,100,22.2345829,85.0230484,24.74258804,16,100
12/03/2022 14:30,50.2185936,100,22.37769699,85.0300827,24.80051994,16,100
12/03/2022 14:40,50.32997131,100,22.47907448,85.12186432,24.80302811,16,100
12/03/2022 14:50,50.57399368,100,29.53889465,84.63749695,24.83686447,16,100
12/03/2022 15:00,50.85117722,100,26.79578972,84.5069046,24.73960876,16,100
12/03/2022 15:10,51.37584686,100,25.04005432,85.7831955,24.64232826,16,100
12/03/2022 15:20,51.84723282,100,24.63576508,85.63508606,24.55033875,16,100
12/03/2022 15:30,52.27443695,100,24.40898514,85.60267639,24.54635429,16,100
12/03/2022 15:40,52.52794647,100,24.18217659,85.57116699,24.49475861,16,100
12/03/2022 15:50,52.62943649,100,23.78186417,85.49388885,24.45898438,16,100
12/03/2022 16:00,52.77447128,100,23.74012756,85.76589966,24.38077164,16,100
12/03/2022 16:10,53.16160965,100,23.34479332,84.10455322,24.3517437,16,100
12/03/2022 16:20,53.56201553,100,23.18849945,85.79144287,24.34645081,16,100
12/03/2022 16:30,53.54632568,100,22.911726,85.62153625,24.19946289,16,100
12/03/2022 16:40,53.45441818,100,22.75865746,85.53777313,24.12732124,16,100
12/03/2022 16:50,53.55942917,100,22.48391342,85.60702515,24.03394127,16,100
12/03/2022 17:00,53.68433762,100,22.42101669,85.5480957,24.00954247,16,100
12/03/2022 17:10,53.77634811,100,22.07328606,83.9214859,23.96626854,16,100
12/03/2022 17:20,54.0971756,100,22.04892731,84.30219269,23.89460945,16,100
12/03/2022 17:30,54.59222031,100,21.66070938,84.41133118,23.86094284,16,100
12/03/2022 17:40,55.08093262,100,21.62353325,82.49869537,23.8159008,16,100
12/03/2022 17:50,55.48571777,100,21.2875061,84.6717453,23.75032425,16,100
12/03/2022 18:00,55.72408295,100,21.19438744,83.76530457,23.71343613,16,100
12/03/2022 18:10,56.23932648,100,21.63610077,84.43009949,23.6424675,16,100
12/03/2022 18:20,56.5047493,100,20.76543617,85.72601318,23.6661396,16,100
12/03/2022 18:30,56.38049316,100,20.7647686,85.2652359,23.58481407,16,100
12/03/2022 18:40,56.38954544,100,20.40585709,83.53479004,23.55297661,16,100
12/03/2022 18:50,56.25818253,100,20.3306427,85.00204468,23.50787354,16,100
12/03/2022 19:00,56.52272797,100,19.95296478,84.46208191,23.45228004,16,100
12/03/2022 19:10,56.38871002,100,19.89651871,84.38466644,23.42067146,16,100
12/03/2022 19:20,56.24852753,100,19.62564087,84.69731903,23.37561798,16,100
12/03/2022 19:30,56.37017059,100,19.47999573,84.7547226,23.34166145,16,100
12/03/2022 19:40,56.3660202,100,19.45666885,85.80465698,23.31907845,16,100
12/03/2022 19:50,56.27759171,100,19.19404793,85.84707642,23.28985977,16,100
12/03/2022 20:00,56.13694763,100,19.08232498,85.78128052,23.29013824,16,100
12/03/2022 20:10,56.03242493,100,19.04681778,85.71769714,23.237463,16,100
12/03/2022 20:20,56.13025284,100,18.93593025,85.71244812,23.19140244,16,100
12/03/2022 20:30,56.13509369,100,18.66446686,85.67488861,23.18619347,16,100
12/03/2022 20:40,56.41287994,100,18.61945152,85.63922882,23.10346222,16,100
12/03/2022 20:50,56.80112839,100,18.60943985,85.42301178,23.04538536,16,100
12/03/2022 21:00,57.17002869,100,18.6186161,85.60529327,23.00051117,16,100
12/03/2022 21:10,57.46466446,100,20.07466888,85.41691589,22.99329185,16,100
12/03/2022 21:20,57.6699028,100,20.67465019,85.55321503,23.03461456,16,100
12/03/2022 21:30,57.9081955,100,21.20734406,85.53704071,23.08759308,16,100
12/03/2022 21:40,58.19550323,100,22.05067825,84.985466,23.17888832,16,100
12/03/2022 21:50,57.92861557,100,24.63020325,85.34963226,23.44630814,16,100
12/03/2022 22:00,57.54996109,100,27.64265442,85.17865753,23.59420395,16,100
12/03/2022 22:10,57.41248703,100,27.94631767,85.49597931,23.69265938,16,100
12/03/2022 22:20,57.14414215,100,28.20624161,84.84082031,23.73590851,16,100
12/03/2022 22:30,56.62789917,100,28.01355171,85.44992065,24.38495255,16,0
12/03/2022 22:40,54.41942215,100,27.78524208,85.06267548,24.80604553,16,0
12/03/2022 22:50,52.41559601,100,27.7092495,84.98283386,24.59161377,16,0
12/03/2022 23:00,51.50162125,100,27.71300316,84.56437683,24.76659775,16,0
12/03/2022 23:10,51.48798752,100,27.67407608,84.67546844,24.58182526,16,0
12/03/2022 23:20,51.40020752,100,27.67452049,84.54471588,24.99895859,16,0
12/03/2022 23:30,50.08467484,100,27.64482498,85.59996033,25.1182251,16,0
12/03/2022 23:40,49.46400452,100,27.64668846,85.3766098,25.48933601,16,0
12/03/2022 23:50,49.06962585,100,27.60339737,85.45796204,25.63031387,16,0
13/03/2022 0:00,50.47662354,100,27.58874321,85.73838806,25.1747303,16,0
13/03/2022 0:10,51.74810791,100,27.57091904,85.74560547,25.3674984,16,0
13/03/2022 0:20,52.14727402,100,27.5684185,85.60147095,25.16411781,16,0
13/03/2022 0:30,52.30412292,100,27.53869247,86.01316833,25.11780167,16,0
13/03/2022 0:40,52.54587555,100,27.51636505,86.0431366,24.8422184,16,0
13/03/2022 0:50,52.64691544,100,27.49220085,85.78437805,24.56497574,16,0
13/03/2022 1:00,52.77629471,100,27.48038483,85.88617706,24.68522453,16,0
13/03/2022 1:10,52.95816803,100,27.46111488,85.87328339,24.60872078,16,0
13/03/2022 1:20,53.18626022,100,27.41479301,85.76143646,24.41270447,16,0
13/03/2022 1:30,53.99225235,100,27.39299202,85.67024231,24.37734222,16,0
13/03/2022 1:40,54.5036087,100,27.38876724,85.69565582,24.1999588,16,0
13/03/2022 1:50,54.5877533,100,27.359375,85.66323853,24.06803131,16,0
13/03/2022 2:00,55.13551331,100,27.33643723,86.0263443,24.02168083,16,0
13/03/2022 2:10,55.65755844,100,27.35139656,85.95429993,23.80435562,16,0
13/03/2022 2:20,56.08724976,100,27.33827209,85.69078064,23.68301582,16,0
13/03/2022 2:30,56.43874359,100,27.31258011,85.6787796,23.55399513,16,0
13/03/2022 2:40,56.5227623,100,27.29481125,85.66235352,23.41829872,16,0
13/03/2022 2:50,56.55425644,100,27.29623032,85.70257568,23.3401947,16,0
13/03/2022 3:00,56.4957428,100,27.27209663,85.75059509,23.25814247,16,0
13/03/2022 3:10,56.28079224,100,27.27273369,85.7753067,23.17171669,16,0
13/03/2022 3:20,56.05128479,100,27.26400566,85.77088928,23.11717606,16,0
13/03/2022 3:30,55.92395782,100,27.23327827,85.74958801,23.06958961,16,0
13/03/2022 3:40,56.54443359,100,27.22677231,85.58843994,22.99547195,16,0
13/03/2022 3:50,56.81030655,100,27.21047974,85.98432922,22.93012619,16,0
13/03/2022 4:00,56.81954193,100,27.17575073,85.6295166,22.81895065,16,0
13/03/2022 4:10,56.31008911,100,27.15606308,85.59978485,22.64917564,16,0
13/03/2022 4:20,55.90116501,100,27.1577034,85.62783813,22.5230732,16,0
13/03/2022 4:30,55.9157486,100,27.1253376,85.53340149,22.43613815,16,0
13/03/2022 4:40,56.14995193,100,27.13317871,85.58817291,22.29151344,16,0
13/03/2022 4:50,56.28042984,100,27.10824013,85.64780426,22.21654892,16,0
13/03/2022 5:00,56.42505264,100,27.05259895,85.85443115,22.14958,16,0
13/03/2022 5:10,56.41838455,100,27.04954147,85.92614746,22.30353165,16,0
13/03/2022 5:20,56.54644775,100,27.01865196,85.89601898,22.08495903,16,0
13/03/2022 5:30,56.8035202,100,27.00702858,86.35387421,21.97641182,16,0
13/03/2022 5:40,56.95431137,100,26.97555161,86.13079071,21.96726418,16,0
13/03/2022 5:50,56.94042969,100,26.9345932,86.02130127,21.83225822,16,0
13/03/2022 6:00,56.93415833,100,26.91090393,86.13871002,21.76441765,16,0
13/03/2022 6:10,56.93033218,100,26.88234711,86.14278412,21.67507172,16,0
13/03/2022 6:20,56.94671249,100,26.85874176,86.12652588,21.71273613,16,0
13/03/2022 6:30,56.70320892,100,26.8214817,86.01570129,21.68300819,16,0
13/03/2022 6:40,55.56299591,100,26.79353905,85.93813324,21.7190361,16,0
13/03/2022 6:50,54.39053726,100,26.80318642,85.77748108,21.63004112,16,0
13/03/2022 7:00,53.4438324,100,26.76367378,85.72922516,21.56004333,16,0
13/03/2022 7:10,54.24599457,100,26.76926613,85.85288239,21.82282257,16,0
13/03/2022 7:20,56.42578125,100,26.73979187,85.79499817,21.87535095,16,0
13/03/2022 7:30,56.56540298,100,26.74752235,85.39293671,21.67400551,16,0
13/03/2022 7:40,56.2834549,100,26.72499657,85.90523529,21.8032093,16,0
13/03/2022 7:50,56.53222275,100,26.72291374,85.96855164,21.61520195,16,0
13/03/2022 8:00,56.55481339,100,26.69955826,85.91954041,21.61320305,16,0
13/03/2022 8:10,56.52378082,100,26.6849308,85.86123657,21.63750458,16,0
13/03/2022 8:20,56.55648804,100,26.68390274,85.80422211,21.72434235,16,0
13/03/2022 8:30,56.56428528,100,26.68117905,85.77527618,21.65949249,16,0
13/03/2022 8:40,56.37876892,100,26.68907356,85.83966827,21.64312553,16,0
13/03/2022 8:50,56.68671036,100,26.67191887,85.80529022,21.78422546,16,0
13/03/2022 9:00,57.07181168,100,26.67928696,85.79593658,21.89823532,16,0
13/03/2022 9:10,56.6411972,100,26.67183495,85.60784149,21.66334534,16,0
13/03/2022 9:20,56.16469955,100,26.66724586,85.70162964,21.83870316,16,0
13/03/2022 9:30,55.92147827,100,26.6217289,85.68202972,21.82888031,16,0
13/03/2022 9:40,56.1623764,100,26.64208412,85.73621368,22.01161766,16,0
13/03/2022 9:50,56.55684662,100,26.65940475,85.77420807,22.11252022,16,0
13/03/2022 10:00,57.08346558,100,26.64758873,85.77776337,22.09597015,16,0
13/03/2022 10:10,56.92790222,100,26.64614296,85.56331635,22.2153244,16,0
13/03/2022 10:20,57.03901672,100,26.62968254,85.73304749,22.31312752,16,0
13/03/2022 10:30,56.59951019,100,25.07570076,85.9597702,23.37251663,16,100
13/03/2022 10:40,55.26502609,100,24.27863312,85.93218994,23.48816299,16,100
13/03/2022 10:50,54.61389542,100,25.14187622,86.27577972,23.58704376,16,100
13/03/2022 11:00,53.85964966,100,25.27650833,86.39094543,23.66964149,16,100
13/03/2022 11:10,53.21187973,100,25.52419853,86.40890503,23.9500103,16,100
13/03/2022 11:20,52.29317474,100,28.26568985,85.88189697,24.1478672,16,100
13/03/2022 11:30,51.6371727,100,29.10046005,85.84716034,24.29586029,16,100
13/03/2022 11:40,51.19263077,100,29.54723549,86.32637024,24.38035965,16,100
13/03/2022 11:50,50.70475388,100,29.62739754,86.37800598,24.52090263,16,100
13/03/2022 12:00,50.20061874,100,29.9728508,86.35939789,24.61098671,16,100
13/03/2022 12:10,49.70221329,100,29.99426079,85.77972412,24.67915535,16,100
13/03/2022 12:20,49.31253052,100,29.99492836,85.72653961,24.76120758,16,100
13/03/2022 12:30,49.01370239,100,30.00034904,85.83607483,24.80583763,16,100
13/03/2022 12:40,49.03851318,100,30.00265884,86.69781494,24.88320351,16,100
13/03/2022 12:50,49.30574799,100,30.00402069,86.53614807,24.9312973,16,100
13/03/2022 13:00,49.30695724,100,26.41577721,86.57928467,24.9650383,16,100
13/03/2022 13:10,49.55051422,100,26.41841698,86.65287781,25.05483055,16,100
13/03/2022 13:20,49.70056534,100,26.41149521,86.59197235,25.11201286,16,100
13/03/2022 13:30,49.43447113,100,26.4130497,86.62145996,25.19980621,16,100
13/03/2022 13:40,49.40389252,100,26.41841698,86.35035706,25.21228409,16,100
13/03/2022 13:50,49.69710159,100,26.52582741,86.49700928,25.31787682,16,100
13/03/2022 14:00,49.93822861,100,26.63866234,85.50907135,25.35162926,16,100
13/03/2022 14:10,49.94260406,100,26.41669273,85.70639801,25.39977074,16,100
13/03/2022 14:20,50.05982971,100,25.97792435,85.382164,25.4194088,16,100
13/03/2022 14:30,50.31328964,100,25.97141838,85.97514343,25.45958138,16,100
13/03/2022 14:40,50.44075775,100,25.97047424,86.0184021,25.4828186,16,100
13/03/2022 14:50,50.71037292,100,29.54086685,85.76039886,25.48558044,16,100
13/03/2022 15:00,50.84133148,100,27.31168938,85.71272278,25.34112358,16,100
13/03/2022 15:10,51.3570137,100,25.97119904,85.70288849,25.25810242,16,100
13/03/2022 15:20,51.45413971,100,25.94124985,85.65036011,25.18449402,16,100
13/03/2022 15:30,51.84952164,100,25.52442169,86.64650726,25.13219452,16,100
13/03/2022 15:40,52.00856781,100,25.42590714,86.55636597,25.10095215,16,100
13/03/2022 16:40,,,,,,,
13/03/2022 16:50,,,,,,,
13/03/2022 17:00,,,,,,,
13/03/2022 17:10,54.78913879,100,22.48877907,85.95907593,24.71048355,16,100
13/03/2022 17:20,55.33292389,100,22.08810425,86.03277588,24.62921906,16,100
13/03/2022 17:30,55.58916855,100,21.8671627,85.96005249,24.55804443,16,100
13/03/2022 17:40,56.1020546,100,21.35093117,85.84304047,24.49279594,16,100
13/03/2022 17:50,56.99559021,100,20.76529503,85.80653381,24.4525032,16,100
13/03/2022 18:00,56.87950897,100,20.33600998,85.66056061,24.33095551,16,100
13/03/2022 18:10,57.16082001,100,19.90672493,85.60109711,24.20324326,16,100
13/03/2022 18:20,57.37467957,100,19.47721481,84.57255554,24.12688446,16,100
13/03/2022 18:30,57.5006485,100,18.97633171,84.69832611,24.02682877,16,100
13/03/2022 18:40,57.53530121,100,18.6186161,85.70304871,23.9696846,16,100
13/03/2022 18:50,57.52475357,100,18.19063759,85.72851563,23.85996246,16,100
13/03/2022 19:00,57.67248154,100,17.83217239,85.66996002,23.80997658,16,100
13/03/2022 19:10,57.79676437,100,17.57855988,85.66818237,23.70976448,16,100
13/03/2022 19:20,58.10028839,100,17.32967567,84.91113281,23.68473625,16,100
13/03/2022 19:30,58.30081177,100,16.97696495,85.61019897,23.63776779,16,100
13/03/2022 19:40,58.31865692,100,16.90447617,85.50195313,23.54678726,16,100
13/03/2022 19:50,58.29457474,100,16.90169525,85.54164124,23.51944351,16,100
13/03/2022 20:00,58.29699707,100,16.90464401,85.38820648,23.47677422,16,100
13/03/2022 20:10,58.31663513,100,16.90200043,85.37701416,23.43323517,16,100
13/03/2022 20:20,58.5684967,100,16.90169525,84.37179565,23.39423943,16,100
13/03/2022 20:30,58.5487175,100,16.90169525,84.35144043,23.35588264,16,100
13/03/2022 20:40,58.67242813,100,16.91479301,84.2286377,23.33882523,16,100
13/03/2022 20:50,58.72851563,100,16.90169525,84.62343597,23.28214264,16,100
13/03/2022 21:00,58.82657623,100,16.90116692,84.61573029,23.27840996,16,100
13/03/2022 21:10,58.68579102,100,16.90169525,84.61129761,23.26796722,16,100
13/03/2022 21:20,58.58565521,100,16.901474,84.65899658,23.22245216,16,100
13/03/2022 21:30,58.70288086,100,16.88259315,84.68387604,23.16465378,16,100
13/03/2022 21:40,59.30213928,100,16.85448074,84.61109924,23.08949471,16,100
13/03/2022 21:50,59.47534561,100,16.8176403,84.49165344,23.02472878,16,100
13/03/2022 22:00,59.61824036,100,18.18933105,84.80392456,22.97906876,16,100
13/03/2022 22:10,59.99126434,100,18.61919975,84.73032379,23.07247353,16,100
13/03/2022 22:20,59.88763428,100,19.47721481,84.74850464,23.16000175,16,100
13/03/2022 22:30,59.02568054,100,17.05545998,84.86727142,23.50176811,16,0
13/03/2022 22:40,58.39397812,100,17.28866196,84.81682587,23.65590286,16,0
13/03/2022 22:50,54.97386551,100,17.54221725,84.8947525,24.66483498,16,0
13/03/2022 23:00,54.67017746,100,17.72122765,84.94710541,25.13152885,16,0
13/03/2022 23:10,55.49567795,100,17.94519997,84.97232819,25.36750984,16,0
13/03/2022 23:20,55.58892441,100,18.11036301,84.83126068,25.34999275,16,0
13/03/2022 23:30,55.59579849,100,18.25634003,83.54305267,25.28832817,16,0
13/03/2022 23:40,55.3620224,100,18.42759323,83.91335297,25.24168777,16,0
13/03/2022 23:50,55.09223175,100,18.5093708,84.06330109,25.41542435,16,0
14/03/2022 0:00,55.36436462,100,18.60371208,84.29901886,25.3749733,16,0
14/03/2022 0:10,55.492939,100,18.66685867,84.27539825,25.20438766,16,0
14/03/2022 0:20,55.24303436,100,18.80268669,84.32480621,25.20271492,16,0
14/03/2022 0:30,53.92715454,100,18.90740204,84.29359436,25.05673218,16,0
14/03/2022 0:40,54.0919075,100,18.98353195,84.32089996,24.93117523,16,0
14/03/2022 0:50,53.70636749,100,19.11374474,84.63883209,24.74926186,16,0
14/03/2022 1:00,53.60587311,100,19.22933197,84.57071686,24.53742599,16,0
14/03/2022 1:10,53.97087479,100,19.33332443,84.54210663,24.35196304,16,0
14/03/2022 1:20,54.22297287,100,19.39669228,84.43148041,24.50985336,16,0
14/03/2022 1:30,54.74803925,100,19.48135948,83.6101532,24.45818329,16,0
14/03/2022 1:40,55.35258102,100,19.56727791,84.37591553,24.29289246,16,0
14/03/2022 1:50,55.88705063,100,19.67844391,84.12393188,24.29722786,16,0
14/03/2022 2:00,56.77494812,100,19.76981163,84.08037567,24.19891739,16,0
14/03/2022 2:10,57.79777908,100,19.8547287,84.13344574,24.06708527,16,0
14/03/2022 2:20,58.31617737,100,19.88072777,84.14189148,23.93286896,16,0
14/03/2022 2:30,58.69229507,100,20.01597214,84.29734802,23.63112831,16,0
14/03/2022 2:40,58.9408226,100,20.12140846,84.32727814,23.62704659,16,0
14/03/2022 2:50,58.71886063,100,20.19195175,84.35179901,23.53544617,16,0
14/03/2022 3:00,58.47995758,100,20.25543022,85.77205658,23.51231956,16,0
14/03/2022 3:10,58.95475769,100,20.32138443,84.41091919,23.38079071,16,0
14/03/2022 3:20,58.7076416,100,20.36173058,84.85604095,23.21455383,16,0
14/03/2022 3:30,57.82707977,100,20.39253807,85.22679901,23.13223457,16,0
14/03/2022 3:40,57.18789673,100,20.52002525,85.19158936,22.92777634,16,0
14/03/2022 3:50,55.65663528,100,20.58383751,85.01503754,22.37159157,16,0
14/03/2022 4:00,53.06583023,100,20.65744019,84.8964386,22.24380684,16,0
14/03/2022 4:10,53.20986557,100,20.72742653,84.63367462,21.95488358,16,0
14/03/2022 4:20,51.90021515,100,20.78439903,85.23845673,21.92515373,16,0
14/03/2022 4:30,50.97562027,100,20.88371849,85.18908691,21.87873077,16,0
14/03/2022 4:40,50.88586044,100,20.96146202,84.51984406,21.79613495,16,0
14/03/2022 4:50,52.69784927,100,21.01685143,85.49278259,21.80276108,16,0
14/03/2022 5:00,53.74497223,100,21.09809875,85.62324524,21.80061722,16,0
14/03/2022 5:10,53.71643448,100,21.13290977,85.79488373,21.74809837,16,0
14/03/2022 5:20,54.3468895,100,21.18913269,85.90150452,22.21610069,16,0
14/03/2022 5:30,54.23952484,100,21.25200081,86.15551758,21.86087418,16,0
14/03/2022 5:40,54.37662125,100,21.33744431,85.9420929,22.06248665,16,0
14/03/2022 5:50,55.66210938,100,21.38710594,85.18359375,22.57499695,16,0
14/03/2022 6:00,56.01149368,100,21.47249603,85.30416107,22.27627373,16,0
14/03/2022 6:10,55.77619171,100,21.51067352,85.43401337,22.18380356,16,0
14/03/2022 6:20,55.52319717,100,21.55082321,85.06278229,22.19882393,16,0
14/03/2022 6:30,56.01007462,100,21.61016083,85.19384003,22.3560009,16,0
14/03/2022 6:40,56.40068817,100,21.6892662,85.14754486,22.47984886,16,0
14/03/2022 6:50,57.08760452,100,21.74874115,85.08461761,22.84214973,16,0
14/03/2022 7:00,57.19760513,100,21.80451965,85.16137695,22.65611649,16,0
14/03/2022 7:10,57.05229187,100,21.84856224,85.19405365,22.44134903,16,0
14/03/2022 7:20,56.89904022,100,21.94446373,85.07356262,22.52524185,16,0
14/03/2022 7:30,56.55674362,100,21.96904182,84.98344421,22.32247925,16,0
14/03/2022 7:40,56.16246414,100,22.00452232,85.02116394,22.43464851,16,0
14/03/2022 7:50,56.27937317,100,22.02554321,84.92079163,22.52279472,16,0
14/03/2022 8:00,56.75639343,100,22.06650162,84.71640778,22.65878105,16,0
14/03/2022 8:10,57.03040314,100,22.10595703,84.57363892,22.7110939,16,0
14/03/2022 8:20,57.05844879,100,22.16662788,84.61193085,22.47644424,16,0
14/03/2022 8:30,56.7822113,100,22.24909782,84.85488129,22.34640503,16,0
14/03/2022 8:40,56.7925148,100,22.29583931,85.55418396,22.30404091,16,0
14/03/2022 8:50,56.56154251,100,22.32992744,85.63909149,22.30088997,16,0
14/03/2022 9:00,56.27165985,100,22.40494728,84.27694702,22.34771347,16,0
14/03/2022 9:10,56.68506622,100,22.45502281,84.93888855,22.61521912,16,0
14/03/2022 9:20,57.17050552,100,22.55692863,85.07629395,22.71372223,16,0
14/03/2022 9:30,57.41540146,100,22.60503387,84.92566681,22.83480835,16,0
14/03/2022 9:40,57.67335129,100,22.65046692,84.9864502,22.96578026,16,0
14/03/2022 9:50,57.66303635,100,22.71597672,85.67392731,23.19989586,16,0
14/03/2022 10:00,57.42314911,100,22.77214241,85.95661163,23.05646896,16,0
14/03/2022 10:10,57.27441406,100,22.83117294,85.87368011,23.03225327,16,0
14/03/2022 10:20,57.31361008,100,22.84910774,85.95199585,23.00378418,16,0
14/03/2022 10:30,57.95655823,100,22.05184746,86.18360901,23.98296356,16,100
14/03/2022 10:40,57.16891479,100,22.04019547,86.09431458,24.21423149,16,100
14/03/2022 10:50,56.64833832,100,22.03841591,86.18830109,24.37696838,16,100
14/03/2022 11:00,56.13209152,100,21.74487686,84.94793701,24.52224731,16,100
14/03/2022 11:10,55.99517822,100,21.19480324,85.35196686,24.53225327,16,100
14/03/2022 11:20,55.73861694,100,25.04533577,84.30896759,24.6048317,16,100
14/03/2022 11:30,56.00172424,100,24.68025208,85.39392853,24.46954727,16,100
14/03/2022 11:40,56.23248672,100,25.0770359,85.41575623,24.4778595,16,100
14/03/2022 11:50,56.09376907,100,25.51174164,85.37185669,24.51983452,16,100
14/03/2022 12:00,55.8392868,100,25.87487984,85.79148865,24.55934143,16,100
14/03/2022 12:10,55.57829666,100,26.3596096,86.10590363,24.6030159,16,100
14/03/2022 12:20,55.31470108,100,26.5148468,86.23444366,24.67905807,16,100
14/03/2022 12:30,54.96190262,100,26.88499069,86.64587402,24.72698402,16,100
14/03/2022 12:40,54.70530319,100,26.42606544,86.60574341,24.79486275,16,100
14/03/2022 12:50,54.30196381,100,25.52920341,86.64694977,24.77347946,16,100
14/03/2022 13:00,54.05457687,100,25.07183456,86.56421661,24.71318626,16,100
14/03/2022 13:10,53.78524017,100,24.57809639,86.20791626,24.67281914,16,100
14/03/2022 13:20,53.64949036,100,24.05446815,86.45098114,24.66034126,16,100
14/03/2022 13:30,53.40067291,100,23.66533279,85.84494781,24.63019943,16,100
14/03/2022 13:40,53.30204773,100,23.11128426,85.84475708,24.5563736,16,100
14/03/2022 13:50,53.2973938,100,22.87902641,85.86472321,24.54829216,16,100
14/03/2022 14:00,53.68034744,100,22.45149231,85.68808746,24.54096413,16,100
14/03/2022 14:10,54.15750885,100,22.05234718,86.06871033,24.48156548,16,100
14/03/2022 14:20,54.70371246,100,21.58477402,85.91075897,24.42679596,16,100
14/03/2022 14:30,55.08153915,100,21.18474007,86.13110352,24.38550949,16,100
14/03/2022 14:40,55.48261261,100,20.76507378,85.92030334,24.3406601,16,100
14/03/2022 14:50,55.63902283,100,20.33676147,85.79933929,24.2745266,16,100
14/03/2022 15:00,55.85427094,100,20.21405792,85.77371979,24.25926208,16,100
14/03/2022 15:10,55.98009872,100,19.69342995,85.40705872,24.18608856,16,100
14/03/2022 15:20,56.00283051,100,19.47707748,85.58244324,24.12166214,16,100
14/03/2022 15:30,55.89047241,100,19.06708717,85.49356079,24.1017952,16,100
14/03/2022 15:40,55.86688614,100,18.75508499,85.57868958,24.02913094,16,100
14/03/2022 15:50,55.71077347,100,18.6186161,85.90528107,24.00909424,16,100
14/03/2022 16:00,55.74608994,100,18.51554298,85.52414703,23.9532814,16,100
14/03/2022 16:10,55.72713089,100,18.18933105,86.04587555,23.90685844,16,100
14/03/2022 16:20,55.46991348,100,17.92943573,85.95682526,23.88256836,16,100
14/03/2022 16:30,55.50619507,1,17.7643261,85.93974304,23.81558609,25,60.08039474
14/03/2022 16:40,55.87322617,1,25.57816887,86.37911224,24.1482296,25,5.197770596
14/03/2022 16:50,54.70328903,1,24.62742233,86.3939209,24.56095123,25,5.197770596
14/03/2022 17:00,53.78096771,1,24.22332954,86.80741119,24.77864075,24,5.197770596
14/03/2022 17:10,52.78992462,1,24.24576759,86.76618958,24.90699577,24,5.197770596
14/03/2022 17:20,52.27621078,1,26.42812157,86.67892456,25.00835991,24,17.38608742
14/03/2022 17:30,51.97460175,1,27.77831841,86.58973694,24.88962173,24,35.94552994
14/03/2022 17:40,52.00241852,1,17.34396744,86.00550842,24.55312538,24,100
14/03/2022 17:50,52.91073227,1,17.33078575,86.02471161,24.18604088,24,100
14/03/2022 18:00,53.69204712,1,17.33098221,85.76876831,23.98714066,24,100
14/03/2022 18:10,54.07561111,1,17.33098221,85.81912231,23.84235954,24,100
14/03/2022 18:20,54.58956909,1,17.33078575,85.76841736,23.72226715,24,100
14/03/2022 18:30,55.86855316,1,17.54188347,85.65263367,23.90124893,24,100
14/03/2022 18:40,55.72366714,1,17.33078575,85.46298218,23.67544556,24,100
14/03/2022 18:50,56.09915161,1,17.31891251,85.30342102,23.59766769,24,100
14/03/2022 19:00,57.28325272,1,17.7612133,85.95118713,23.73515701,24,1
14/03/2022 19:10,56.71457672,1,17.77822876,85.36048126,24.10847092,24,1
14/03/2022 19:20,55.89006042,1,17.92106438,87.41033936,24.30644798,24,1
14/03/2022 19:30,55.20233917,1,18.14517593,85.63397217,24.40902328,24,1
14/03/2022 19:40,54.70335007,1,18.18955231,84.84825897,24.50179672,24,1
14/03/2022 19:50,54.45498276,1,18.24991798,87.6574173,24.53427696,24,1
14/03/2022 20:00,54.17267227,1,18.56675911,87.6268158,24.57035255,24,1
14/03/2022 20:10,53.78997803,1,18.61883926,85.32465363,24.45647621,24,1
14/03/2022 20:20,53.69284058,1,18.6634388,84.9947052,24.51647949,24,1
14/03/2022 20:30,53.54153442,1,19.01534271,85.02871704,24.52243996,24,1
14/03/2022 20:40,53.56640625,1,19.04912567,84.8104248,24.5359478,24,1
14/03/2022 20:50,53.4514122,1,19.16501808,86.08148956,24.53248405,24,1
14/03/2022 21:00,53.4165802,1,19.45071793,85.69708252,24.54241753,24,1
14/03/2022 21:10,53.68928909,1,19.47741127,85.94631958,24.62969208,24,1
14/03/2022 21:20,54.31253815,1,19.50858116,85.63210297,24.62960625,24,1
14/03/2022 21:30,54.96285629,1,19.79803276,85.90620422,24.65473175,24,1
14/03/2022 21:40,55.46858978,1,19.90672493,85.90879822,24.57914925,24,1
14/03/2022 21:50,56.21677017,1,20.03237534,85.98713684,24.54788017,24,1
14/03/2022 22:00,56.87714767,1,20.29994774,86.0385437,24.58027649,24,1
14/03/2022 22:10,57.33992386,1,20.33578682,85.86172485,24.6918869,24,1
14/03/2022 22:20,58.36975479,1,20.34638214,85.82178497,24.68522453,24,1
14/03/2022 22:30,57.51096725,1,20.72230911,85.23474121,25.0353508,24,1
14/03/2022 22:40,57.08782578,1,20.86728668,85.45914459,24.94244194,24,1
14/03/2022 22:50,57.38489532,1,21.00720215,85.59272766,25.61319542,24,1
14/03/2022 23:00,57.74040985,1,21.11964607,85.89395142,25.82555389,24,1
14/03/2022 23:10,56.85129929,1,21.22772598,85.86265564,25.16553497,24,1
14/03/2022 23:20,56.48225021,1,21.36141396,85.76988983,25.09569168,24,1
14/03/2022 23:30,56.50414658,1,21.49365616,85.85328674,24.87181473,24,1
14/03/2022 23:40,56.85686493,1,21.5749855,85.45494843,24.82966805,24,1
14/03/2022 23:50,56.99534607,1,21.6900177,85.44527435,24.84017181,24,1
15/03/2022 0:00,57.27216721,1,21.81299973,85.49658203,24.86374664,24,1
15/03/2022 0:10,57.09992218,1,21.90967751,85.50283051,24.75115204,24,1
15/03/2022 0:20,57.14625549,1,21.99184227,85.53192902,24.70870399,24,1
15/03/2022 0:30,57.24069595,1,22.05234718,85.55562592,24.74799156,24,1
15/03/2022 0:40,57.65922165,1,22.07753944,85.59223175,25.17183495,24,1
15/03/2022 0:50,58.39782333,1,22.20252228,85.56340027,25.20774269,24,1
15/03/2022 1:00,58.81031799,1,22.31825066,85.5646286,24.88273048,24,1
15/03/2022 1:10,58.00339127,1,22.39941406,85.76351166,24.66072845,24,1
15/03/2022 1:20,58.18821335,1,22.47927094,85.71045685,25.56577873,24,1
15/03/2022 1:30,60.21274948,1,22.60889816,85.73571014,25.81829643,24,1
15/03/2022 1:40,60.47562408,1,22.69656754,85.2519455,25.12611389,24,1
15/03/2022 1:50,60.23377228,1,22.76510811,85.53591156,24.94962692,24,1
15/03/2022 2:00,60.94307327,1,22.80667686,85.77262115,25.60918617,24,1
15/03/2022 2:10,61.08699417,1,22.86223221,85.64456177,25.59108734,24,1
15/03/2022 2:20,61.01145935,1,22.94603729,85.27471161,25.34812737,24,1
15/03/2022 2:30,61.13222885,1,23.0443573,85.2467804,25.33831215,24,1
15/03/2022 2:40,61.10359955,1,23.10772514,85.42848206,25.04203987,24,1
15/03/2022 2:50,60.98784256,1,23.18254852,85.34346008,24.82755852,24,1
15/03/2022 3:00,60.71489334,1,23.25281334,85.36168671,24.62786102,24,1
15/03/2022 3:10,60.46452332,1,23.3182106,85.29506683,24.61590385,24,1
15/03/2022 3:20,60.62210846,1,23.36636925,85.38288116,24.7693367,24,1
15/03/2022 3:30,61.01221466,1,23.46705246,85.11417389,24.78129387,24,1
15/03/2022 3:40,61.09691238,1,23.50250435,85.50944519,24.61024666,24,1
15/03/2022 3:50,61.26266861,1,23.62515259,85.22836304,24.5605526,24,1
15/03/2022 4:00,61.24463654,1,23.64725876,85.94644165,24.53741455,24,1
15/03/2022 4:10,60.86325836,1,23.70295143,85.47395325,24.33485603,24,1
15/03/2022 4:20,60.4790802,1,23.75263977,86.02667236,24.31766701,24,1
15/03/2022 4:30,60.2485733,1,23.7866745,85.73526764,24.28535652,24,1
15/03/2022 4:40,60.23560715,1,23.81211662,85.24015808,24.31617737,24,1
15/03/2022 4:50,60.6055336,1,23.87273216,85.96636963,24.54341125,24,1
15/03/2022 5:00,62.24977875,1,23.96140289,85.88612366,24.61470604,24,1
15/03/2022 5:10,63.05887604,1,24.00786591,85.35079193,24.34780693,24,1
15/03/2022 5:20,63.43271637,1,24.02254677,85.29017639,24.45144844,24,1
15/03/2022 5:30,63.38916016,1,24.07434654,85.25097656,24.35998344,24,1
15/03/2022 5:40,62.7818222,1,24.12289619,85.80371857,24.12367439,24,1
15/03/2022 5:50,62.40894318,1,24.14377785,85.61961365,23.94831467,24,1
15/03/2022 6:00,62.00723648,1,24.19171524,85.57527924,23.81068039,24,1
15/03/2022 6:10,61.53922272,1,24.2150135,85.37119293,23.81185532,24,1
15/03/2022 6:20,60.77204895,1,24.24471092,84.95693207,23.72374535,24,1
15/03/2022 6:30,59.82390594,1,24.26581573,85.18517303,23.71336174,24,1
15/03/2022 6:40,59.95271301,1,24.34358597,86.27405548,23.64527893,24,1
15/03/2022 6:50,59.96725464,1,24.39630508,85.41086578,23.54379463,24,1
15/03/2022 7:00,59.98030853,1,24.44916344,85.50978088,23.48678207,24,1
15/03/2022 7:10,59.98987579,1,24.48870277,86.17660522,23.50887871,24,1
15/03/2022 7:20,60.48299789,1,24.50432968,86.29012299,23.42041969,24,1
15/03/2022 7:30,60.70251465,1,24.53077126,85.65969849,23.3358345,24,1
15/03/2022 7:40,61.39279175,1,24.56171989,86.14391327,23.27797318,24,1
15/03/2022 7:50,61.15630722,1,24.58249092,85.78982544,23.2185154,24,1
15/03/2022 8:00,60.60215378,1,24.60845947,85.63655853,23.2802639,24,1
15/03/2022 8:10,60.35459518,1,24.64866638,85.66724396,23.2361908,24,1
15/03/2022 8:20,59.1004715,1,24.69590759,85.68481445,23.26010513,24,1
15/03/2022 8:30,58.15167236,1,24.74918175,85.39990997,23.24356842,24,1
15/03/2022 8:40,57.67481995,1,24.79639626,84.80992889,23.28690338,24,1
15/03/2022 8:50,57.14083862,1,24.82689857,85.64527893,23.29265785,24,1
15/03/2022 9:00,56.90942383,1,24.88648415,85.83757782,23.3294487,24,1
15/03/2022 9:10,56.61401749,1,24.90692139,85.07595062,23.35424805,24,1
15/03/2022 9:20,56.89276886,1,24.92685699,85.20013428,23.40886116,24,1
15/03/2022 9:30,57.15317154,1,24.97156906,85.23075867,23.45656967,24,1
15/03/2022 9:40,57.26789093,1,24.99345207,85.05062866,23.48369408,24,1
15/03/2022 9:50,57.24727631,1,25.03449249,84.96170807,23.52695465,24,1
15/03/2022 10:00,57.92282104,1,25.0419178,85.01688385,23.71479225,24,1
15/03/2022 10:10,58.41595459,1,25.09910965,84.35362244,23.73134041,24,1
15/03/2022 10:20,59.04933929,1,25.13637161,84.9910965,23.94150734,24,1
15/03/2022 10:30,60.63156891,1,25.06535721,85.1343689,24.4568634,24,1
15/03/2022 10:40,60.13230133,1,25.07739639,85.5356369,24.73110199,24,1
15/03/2022 10:50,59.73654938,1,25.07795143,84.85562134,24.88046455,24,1
15/03/2022 11:00,59.18477249,1,25.10514641,86.16103363,25.04530907,24,1
15/03/2022 11:10,58.46210098,1,25.13411903,85.96786499,25.14743423,24,1
15/03/2022 11:20,58.29079056,1,25.20922089,85.53175354,25.23158455,24,1
15/03/2022 11:30,58.01502991,1,25.32525444,85.57736969,25.31581879,24,1
15/03/2022 11:40,58.03806686,1,25.46783638,86.08205414,25.39909172,24,1
15/03/2022 11:50,57.51844788,1,25.50354004,85.96835327,25.45051956,24,1
15/03/2022 12:00,57.39274597,1,25.52419853,85.70724487,25.48431969,24,1
15/03/2022 12:10,57.3644104,1,25.52419853,86.36727905,25.5166893,24,1
15/03/2022 12:20,57.10800171,1,25.52442169,86.26876831,25.56512451,24,1
15/03/2022 12:30,56.44730377,1,25.53701782,85.61253357,25.49141884,24,1
15/03/2022 12:40,56.09305954,1,25.53042793,87.44493866,25.48578644,24,1
15/03/2022 12:50,55.58653641,1,25.57586098,87.19308472,25.50713158,24,1
15/03/2022 13:00,55.16911697,1,25.77925682,85.61021423,25.49742699,24,1
15/03/2022 13:10,54.96043015,1,25.85549927,85.65126038,25.59241867,24,1
15/03/2022 13:20,54.53528214,1,25.96235657,86.02117157,25.5643959,24,1
15/03/2022 13:30,54.24998474,1,25.97111511,85.95748138,25.57898521,24,1
15/03/2022 13:40,54.02694321,1,25.97141838,85.51467896,25.50741196,24,1
15/03/2022 13:50,53.78319168,1,25.97614479,86.18569183,25.53269196,24,1
15/03/2022 14:00,53.6022644,1,26.00956917,85.632164,25.54609108,24,1
15/03/2022 14:10,53.53215408,1,26.09587669,85.83860016,25.57899666,24,1
15/03/2022 14:20,53.5326004,1,26.24149323,85.89873505,25.55164146,24,1
15/03/2022 14:30,53.12365723,1,26.35894203,85.88115692,25.58883476,24,1
15/03/2022 14:40,53.15601349,1,26.41271591,85.92068481,25.55946732,24,1
15/03/2022 14:50,53.02927399,1,26.41822433,85.91062164,25.55849838,24,1
15/03/2022 15:00,52.89444351,1,30.03166008,85.60587311,25.56835938,24,100
15/03/2022 15:10,52.98992538,1,19.07423401,85.29085541,25.16866112,24,100
15/03/2022 15:20,54.0424118,1,19.04698372,85.22592163,24.82080078,24,100
15/03/2022 15:30,54.68870544,1,18.65960121,85.20604706,24.57151794,24,100
15/03/2022 15:40,55.08480072,1,18.62075806,85.22215271,24.47544861,24,100
15/03/2022 15:50,55.35564423,1,18.61694717,85.37921906,24.34927368,24,100
15/03/2022 16:00,55.32466125,1,18.59336853,85.27187347,24.35351372,24,100
15/03/2022 16:10,55.17996979,1,18.23698807,85.1707077,24.33666229,24,100
15/03/2022 16:20,55.09499359,1,18.18974686,85.20362854,24.25989151,24,100
15/03/2022 16:30,55.45927429,1,18.61972809,85.83194733,24.64512634,24,1
15/03/2022 16:40,54.55073166,1,18.67408752,85.35964203,24.92132759,24,1
15/03/2022 16:50,53.67422867,1,18.79631996,85.35736847,25.07207108,24,1
15/03/2022 17:00,53.00117874,1,19.04681778,85.38482666,25.16165733,24,1
15/03/2022 17:10,52.62501144,1,19.04818153,85.4114151,25.25292969,24,1
15/03/2022 17:20,51.94519043,1,19.25532913,86.01849365,25.28656197,24,1
15/03/2022 17:30,51.72477341,1,19.47112656,85.88199615,25.31863976,24,1
15/03/2022 17:40,51.74998093,1,19.48327637,85.76782227,25.31528473,24,1
15/03/2022 17:50,51.82962418,1,19.63445473,85.68443298,25.31763268,24,1
15/03/2022 18:00,51.95946121,1,19.90044022,85.72221375,25.29231262,24,1
15/03/2022 18:10,52.11664963,1,19.95632935,85.73266602,25.32329178,24,1
15/03/2022 18:20,52.08100128,1,20.29919624,85.67140198,25.39013863,24,1
15/03/2022 18:30,52.27205276,1,20.33578682,85.77661133,25.32687759,24,1
15/03/2022 18:40,52.47582245,1,20.42176056,85.75328827,25.29177094,24,1
15/03/2022 18:50,52.75585556,1,20.6922226,85.69470215,25.2616291,24,1
15/03/2022 19:00,53.01155853,1,20.76952362,85.71702576,25.2348423,24,1
15/03/2022 19:10,53.01755142,100,22.89801598,85.09220123,25.21095276,24,100
15/03/2022 19:20,53.77550125,1,18.23181725,85.60412598,24.76233482,24,1
15/03/2022 19:30,54.27580643,1,18.58252525,85.84806824,24.96084595,24,1
15/03/2022 19:40,54.19137955,100,18.28320122,85.12509155,25.01823235,24,100
15/03/2022 19:50,55.34352493,1,22.51980972,85.49774933,24.59052467,16,100
15/03/2022 20:00,55.9711647,1,17.70529556,85.19490051,24.32557678,24,100
15/03/2022 20:10,56.62681961,1,17.73257256,85.23092651,24.14611053,24,100
15/03/2022 20:20,56.98651123,1,17.72545624,85.14531708,24.03981781,24,100
15/03/2022 20:30,57.28644562,1,17.74758911,85.22250366,23.99777985,24,100
15/03/2022 20:40,57.52032852,1,17.75467873,85.02457428,23.9132061,24,100
15/03/2022 20:50,57.77646255,1,17.75451088,85.04092407,23.89648819,24,100
15/03/2022 21:00,57.90153122,1,17.7600441,85.07250977,23.89570045,24,100
15/03/2022 21:10,58.29287338,1,19.47721481,85.11830902,23.89430618,24,100
15/03/2022 21:20,58.68836212,1,19.90967178,84.4449234,23.91606522,24,100
15/03/2022 21:30,59.09117508,1,20.56796265,84.66864014,23.90424156,24,100
15/03/2022 21:40,59.19610214,1,21.19591713,84.77342224,23.95643234,24,100
15/03/2022 21:50,59.09793854,1,21.97710609,85.55065155,24.0225544,24,100
15/03/2022 22:00,59.18635559,1,22.47818565,85.9417572,24.21232986,24,100
15/03/2022 22:10,58.54826736,1,26.01371193,85.93517303,24.54517937,24,100
15/03/2022 22:20,57.7884903,1,29.10023689,86.66015625,24.69156075,24,100
15/03/2022 22:30,57.14115524,1,28.42548752,85.74265289,25.30440331,24,0
15/03/2022 22:40,55.95722961,1,28.04761314,85.71682739,26.10290718,24,0
15/03/2022 22:50,55.6145134,1,27.95827484,85.66928864,26.35296631,24,0
15/03/2022 23:00,53.53217697,1,27.95827484,85.6136322,26.53021431,24,0
15/03/2022 23:10,52.33411789,1,27.92854881,85.59294128,26.52647209,24,0
15/03/2022 23:20,51.83954239,1,27.96177864,85.53126526,26.52931786,24,0
15/03/2022 23:30,51.23637772,1,27.97395515,85.67441559,26.61666489,24,0
15/03/2022 23:40,51.57844925,1,28.00176239,85.53111267,25.62094879,24,0
15/03/2022 23:50,52.5092659,1,28.00498581,85.52153778,25.3523674,24,0
16/03/2022 0:00,53.40049362,1,27.98760796,85.5586853,25.35961342,24,0
16/03/2022 0:10,53.78056335,1,28.0064888,85.18089294,25.24240303,24,0
16/03/2022 0:20,54.2026329,1,28.02553558,85.11077118,25.16750908,24,0
16/03/2022 0:30,54.56174469,1,28.01502419,85.17495728,25.10400391,24,0
16/03/2022 0:40,54.94564819,1,28.02525711,85.17713165,25.13742828,24,0
16/03/2022 0:50,55.08571243,1,28.04955864,85.03881073,25.08927345,24,0
16/03/2022 1:00,55.35796738,1,28.06740952,85.21894073,25.04922104,24,0
16/03/2022 1:10,55.49903488,1,28.0622921,85.11097717,25.15295982,24,0
16/03/2022 1:20,55.47570419,1,28.06721687,85.10695648,25.15389252,24,0
16/03/2022 1:30,55.34087372,1,28.08831978,84.98779297,25.16043472,24,0
16/03/2022 1:40,54.94970703,1,28.0610714,85.12290955,25.28543472,24,0
16/03/2022 1:50,54.0839386,1,28.07847595,84.84178925,25.4922657,24,0
16/03/2022 2:00,53.4241066,1,28.07324791,84.80697632,25.49081421,24,0
16/03/2022 2:10,53.28676224,1,28.07460976,85.07395172,25.42137146,24,0
16/03/2022 2:20,53.01394653,1,28.07572556,85.09252167,25.68478012,24,0
16/03/2022 2:30,53.37691498,1,28.06382179,85.10939026,25.79771233,24,0
16/03/2022 2:40,54.31537628,1,28.0602932,85.01455688,25.72637177,24,0
16/03/2022 2:50,54.81551361,1,28.09796906,85.10792542,25.48274422,24,0
16/03/2022 3:00,55.0764389,1,28.06810379,85.08472443,25.25934029,24,0
16/03/2022 3:10,55.08895111,1,28.08517838,85.03671265,24.95988846,24,0
16/03/2022 3:20,54.85092545,1,28.07964325,85.05475616,24.56829453,24,0
16/03/2022 3:30,55.24126816,1,28.05242157,84.90968323,24.46545219,24,0
16/03/2022 3:40,55.23911667,1,28.05150414,84.84619141,24.28974152,24,0
16/03/2022 3:50,54.93772507,1,28.05139351,85.24868774,24.15048409,24,0
16/03/2022 4:00,54.82936478,1,28.04661179,85.86952972,24.25393105,24,0
16/03/2022 4:10,54.97380066,1,28.04294205,84.94780731,24.28279877,24,0
16/03/2022 4:20,54.97810364,1,28.04372025,84.97048187,24.26019478,24,0
16/03/2022 4:30,55.11943054,1,28.05261993,85.87534332,24.23185921,24,0
16/03/2022 4:40,54.98623276,1,28.03938103,85.77947998,24.16843796,24,0
16/03/2022 4:50,55.12244034,1,28.04332924,85.68318176,24.03443718,24,0
16/03/2022 5:00,55.6329422,1,28.02531433,85.50059509,23.85701752,24,0
16/03/2022 5:10,54.97208786,1,28.01035309,85.63921356,23.76500893,24,0
16/03/2022 5:20,53.80841446,1,28.00635147,85.78284454,23.73098946,24,0
16/03/2022 5:30,51.7579155,1,27.99074936,85.6966095,23.42093849,24,0
16/03/2022 5:40,49.96522522,1,27.99216843,85.45397949,23.33013916,24,0
16/03/2022 5:50,49.34541702,1,27.96130562,85.50349426,23.33298683,24,0
16/03/2022 6:00,49.21518707,1,27.94701385,85.59867859,23.51530075,24,0
16/03/2022 6:10,50.07008743,1,27.96697617,85.52036285,23.58356667,24,0
16/03/2022 6:20,50.47660065,1,27.96847916,85.74369812,23.62622261,24,0
16/03/2022 6:30,51.6733284,1,27.9444809,85.77745056,23.6874485,24,0
16/03/2022 6:40,53.57817459,1,27.91681671,85.73352814,23.81094742,24,0
16/03/2022 6:50,54.71371841,1,27.92601967,85.62932587,23.82237053,24,0
16/03/2022 7:00,55.39339828,1,27.94356728,85.62023926,23.85497093,24,0
16/03/2022 7:10,55.86545563,1,27.91005898,85.68369293,23.96562767,24,0
16/03/2022 7:20,56.11323547,1,27.93439102,85.63751984,24.02335167,24,0
16/03/2022 7:30,56.3543396,1,27.90330315,85.60787201,23.89713097,24,0
16/03/2022 7:40,56.2074852,1,27.90880775,85.67922211,23.81516266,24,0
16/03/2022 7:50,55.82361221,1,27.92084885,85.67311096,23.85289955,24,0
16/03/2022 8:00,55.62667084,1,27.90636063,85.43209076,23.85315514,24,0
16/03/2022 8:10,55.47935486,1,27.92373848,85.361763,23.87835312,24,0
16/03/2022 8:20,55.50706863,1,27.91161919,85.37400055,23.84996796,24,0
16/03/2022 8:30,55.21814728,1,27.93636322,85.57498169,23.84531403,24,0
16/03/2022 8:40,55.20702744,1,27.94514847,85.68891907,23.85344505,24,0
16/03/2022 8:50,55.36348724,1,27.92955017,85.77510071,23.9228363,24,0
16/03/2022 9:00,55.74175262,1,27.95796776,85.86658478,23.93565559,24,0
16/03/2022 9:10,55.85725403,1,27.9394207,85.99775696,23.95944786,24,0
16/03/2022 9:20,55.98799515,1,27.95235252,85.76020813,23.94024658,24,0
16/03/2022 9:30,55.87302399,1,27.91069984,85.98870087,23.99905014,24,0
16/03/2022 9:40,55.99987411,1,27.95065689,86.21743011,24.03344345,24,0
16/03/2022 9:50,56.13564301,1,27.958498,86.11174011,24.09223557,24,0
16/03/2022 10:00,56.21098709,1,27.96038628,85.87480164,24.11292839,24,0
